date,product_id,writeoff_qty,reason,writeoff_cost_rub
2024-01-01,19,1.2219,истечение срока годности,513.26
2024-01-01,22,0.4317,истечение срока годности,207.25
2024-01-02,13,0.4155,истечение срока годности,199.47
2024-01-02,22,1.7682,истечение срока годности,848.7
2024-01-03,12,0.8521,истечение срока годности,443.08
2024-01-04,5,0.1989,истечение срока годности,517.28
2024-01-04,22,0.9155,ошибка приготовления (брак),439.5
2024-01-08,5,0.1741,истечение срока годности,452.84
2024-01-12,9,4.0074,истечение срока годности,1282.36
2024-01-12,12,0.2398,истечение срока годности,124.7
2024-01-12,22,1.9321,истечение срока годности,927.34
2024-01-13,12,0.8344,истечение срока годности,433.89
2024-01-15,8,7.9194,истечение срока годности,1425.46
2024-01-15,19,0.3369,ошибка приготовления (брак),141.51
2024-01-20,11,3.8047,прочие причины,1445.76
2024-01-20,22,0.8631,истечение срока годности,414.34
2024-01-22,23,1.3759,прочие причины,302.72
2024-01-23,6,0.1595,истечение срока годности,717.37
2024-01-26,4,0.1931,истечение срока годности,579.26
2024-01-26,11,4.1557,истечение срока годности,1579.12
2024-01-27,6,0.1636,истечение срока годности,735.96
2024-01-31,23,1.2903,истечение срока годности,283.88
2024-02-01,9,2.2082,истечение срока годности,706.59
2024-02-02,9,3.8892,истечение срока годности,1244.51
2024-02-05,15,1.1074,истечение срока годности,310.08
2024-02-07,22,0.6864,истечение срока годности,329.42
2024-02-08,21,1.2084,истечение срока годности,434.99
2024-02-09,19,0.4927,истечение срока годности,206.96
2024-02-09,22,0.4695,истечение срока годности,225.36
2024-02-12,4,0.3401,истечение срока годности,1020.51
2024-02-14,8,2.8017,истечение срока годности,504.33
2024-02-19,6,0.0512,истечение срока годности,230.32
2024-02-19,10,3.3819,истечение срока годности,1521.86
2024-02-19,24,0.6118,истечение срока годности,232.43
2024-02-20,8,11.5327,истечение срока годности,2075.89
2024-02-21,12,0.202,истечение срока годности,105.07
2024-03-01,6,0.2448,ошибка приготовления (брак),1102.02
2024-03-04,10,2.6488,истечение срока годности,1191.95
2024-03-04,12,0.2764,истечение срока годности,143.73
2024-03-04,23,0.8503,истечение срока годности,187.05
2024-03-06,19,1.4527,истечение срока годности,610.13
2024-03-07,22,1.6014,истечение срока годности,768.71
2024-03-08,4,0.101,истечение срока годности,303.32
2024-03-10,8,8.9495,истечение срока годности,1610.91
2024-03-12,13,0.2174,истечение срока годности,104.37
2024-03-14,21,0.6465,прочие причины,232.75
2024-03-15,23,0.3889,истечение срока годности,85.53
2024-03-19,8,11.2976,порча/бой при хранении,2033.58
2024-03-21,20,0.6347,истечение срока годности,241.2
2024-03-22,1,0.802,порча/бой при хранении,2566.33
2024-03-22,14,3.7825,истечение срока годности,832.16
2024-03-22,23,1.4112,истечение срока годности,310.42
2024-03-23,21,0.9202,порча/бой при хранении,331.32
2024-03-24,21,0.5483,истечение срока годности,197.38
2024-03-24,23,0.3114,прочие причины,68.48
2024-03-25,16,0.861,ошибка приготовления (брак),301.39
2024-03-29,22,0.5003,истечение срока годности,240.19
2024-04-03,25,0.1527,ошибка приготовления (брак),83.93
2024-04-05,12,0.219,ошибка приготовления (брак),113.92
2024-04-05,22,0.4171,прочие причины,200.23
2024-04-06,12,0.5648,истечение срока годности,293.74
2024-04-06,21,1.7191,истечение срока годности,618.9
2024-04-09,29,100.2741,ошибка приготовления (брак),300.81
2024-04-10,6,0.268,ошибка приготовления (брак),1206.49
2024-04-10,8,9.7784,порча/бой при хранении,1760.09
2024-04-11,21,2.7432,истечение срока годности,987.57
2024-04-12,17,1.2431,истечение срока годности,360.47
2024-04-12,23,1.3483,истечение срока годности,296.59
2024-04-13,13,0.3137,ошибка приготовления (брак),150.54
2024-04-14,22,1.223,истечение срока годности,587.09
2024-04-15,24,0.5857,истечение срока годности,222.54
2024-04-21,21,2.0117,истечение срока годности,724.19
2024-04-27,10,0.926,истечение срока годности,416.66
2024-04-27,20,0.7156,истечение срока годности,271.95
2024-04-28,19,1.6656,истечение срока годности,699.57
2024-04-29,25,0.1174,истечение срока годности,64.62
2024-04-30,22,1.1048,истечение срока годности,530.25
2024-05-01,22,1.6207,истечение срока годности,778.0
2024-05-03,21,2.1688,истечение срока годности,780.77
2024-05-04,22,1.2775,истечение срока годности,613.21
2024-05-07,23,1.419,истечение срока годности,312.19
2024-05-08,4,0.0699,истечение срока годности,209.73
2024-05-10,13,0.771,прочие причины,370.08
2024-05-13,4,0.2184,истечение срока годности,654.95
2024-05-13,6,0.2323,порча/бой при хранении,1044.68
2024-05-13,9,2.5389,истечение срока годности,812.45
2024-05-15,15,0.8503,истечение срока годности,238.1
2024-05-18,21,1.254,истечение срока годности,451.45
2024-05-19,12,0.1741,истечение срока годности,90.51
2024-05-23,19,1.3237,истечение срока годности,555.98
2024-05-25,19,1.8551,истечение срока годности,779.15
2024-05-26,8,10.9111,истечение срока годности,1964.0
2024-05-30,9,3.231,истечение срока годности,1033.95
2024-05-30,11,3.7144,ошибка приготовления (брак),1411.49
2024-05-31,6,0.2255,истечение срока годности,1015.0
2024-05-31,21,0.7104,ошибка приготовления (брак),255.79
2024-06-03,20,0.2829,истечение срока годности,107.47
2024-06-04,11,5.951,ошибка приготовления (брак),2261.42
2024-06-05,22,0.5016,истечение срока годности,240.81
2024-06-07,21,1.8196,ошибка приготовления (брак),655.08
2024-06-08,17,1.3955,истечение срока годности,404.74
2024-06-09,1,0.6791,истечение срока годности,2173.44
2024-06-11,11,8.0533,истечение срока годности,3060.25
2024-06-11,21,1.586,ошибка приготовления (брак),570.99
2024-06-12,19,0.4291,истечение срока годности,180.16
2024-06-13,24,0.6305,порча/бой при хранении,239.59
2024-06-15,8,11.3456,истечение срока годности,2042.22
2024-06-15,10,3.7569,ошибка приготовления (брак),1690.62
2024-06-16,10,1.5487,ошибка приготовления (брак),696.96
2024-06-16,13,0.5875,истечение срока годности,282.0
2024-06-20,24,0.8868,истечение срока годности,337.01
2024-06-21,24,0.7253,истечение срока годности,275.63
2024-06-22,22,1.8371,истечение срока годности,881.74
2024-06-23,23,0.3915,истечение срока годности,86.13
2024-06-24,6,0.2365,истечение срока годности,1064.09
2024-06-25,19,1.6064,порча/бой при хранении,674.62
2024-06-27,23,1.2908,истечение срока годности,283.95
2024-06-28,22,0.5763,истечение срока годности,276.62
2024-06-29,24,0.4494,истечение срока годности,170.79
2024-06-30,6,0.2075,ошибка приготовления (брак),933.47
2024-06-30,21,2.6965,ошибка приготовления (брак),970.79
2024-07-02,14,5.8834,истечение срока годности,1294.34
2024-07-02,22,1.0912,истечение срока годности,523.72
2024-07-02,23,0.9385,истечение срока годности,206.44
2024-07-03,6,0.1501,прочие причины,675.59
2024-07-05,21,2.2907,прочие причины,824.67
2024-07-06,22,1.6766,истечение срока годности,804.8
2024-07-06,25,0.1897,истечение срока годности,104.42
2024-07-08,10,4.2311,истечение срока годности,1904.05
2024-07-10,10,1.7045,истечение срока годности,767.01
2024-07-11,3,0.2336,ошибка приготовления (брак),817.38
2024-07-11,18,0.9972,истечение срока годности,289.17
2024-07-13,23,0.2438,истечение срока годности,53.63
2024-07-14,22,0.8999,истечение срока годности,432.01
2024-07-20,8,8.5564,истечение срока годности,1540.16
2024-07-20,22,1.1945,истечение срока годности,573.41
2024-07-21,10,0.9941,истечение срока годности,447.41
2024-07-22,23,1.2903,истечение срока годности,283.88
2024-07-23,23,1.2243,истечение срока годности,269.31
2024-07-25,9,4.3068,ошибка приготовления (брак),1378.17
2024-07-27,10,3.1459,истечение срока годности,1415.7
2024-07-28,10,3.6107,прочие причины,1624.8
2024-07-30,19,1.6792,ошибка приготовления (брак),705.24
2024-07-30,26,0.0506,порча/бой при хранении,24.27
2024-08-03,3,0.2576,порча/бой при хранении,901.5
2024-08-05,21,1.728,порча/бой при хранении,622.04
2024-08-07,20,0.3805,истечение срока годности,144.56
2024-08-08,5,0.1258,истечение срока годности,326.96
2024-08-08,8,3.4737,истечение срока годности,625.25
2024-08-09,21,1.1014,истечение срока годности,396.46
2024-08-10,5,0.0694,истечение срока годности,180.73
2024-08-10,8,3.0107,ошибка приготовления (брак),541.94
2024-08-10,10,1.4741,истечение срока годности,663.3
2024-08-10,23,0.6418,истечение срока годности,141.19
2024-08-11,20,0.5246,истечение срока годности,199.34
2024-08-14,10,2.5026,ошибка приготовления (брак),1126.21
2024-08-16,3,0.2761,ошибка приготовления (брак),966.67
2024-08-16,8,5.5481,истечение срока годности,998.66
2024-08-16,12,0.2244,истечение срока годности,116.63
2024-08-16,20,0.6044,истечение срока годности,229.69
2024-08-17,19,0.8432,истечение срока годности,354.21
2024-08-18,21,1.1708,истечение срока годности,421.49
2024-08-18,23,0.5392,истечение срока годности,118.59
2024-08-20,2,0.2148,истечение срока годности,601.42
2024-08-21,19,0.8618,ошибка приготовления (брак),361.96
2024-08-21,22,0.5857,прочие причины,281.06
2024-08-23,3,0.4298,порча/бой при хранении,1504.04
2024-08-23,21,2.7873,ошибка приготовления (брак),1003.44
2024-08-24,6,0.1336,истечение срока годности,601.29
2024-08-29,19,1.146,ошибка приготовления (брак),481.31
2024-08-30,9,2.5934,истечение срока годности,829.91
2024-08-31,9,3.0512,ошибка приготовления (брак),976.43
2024-09-02,8,3.7206,истечение срока годности,669.72
2024-09-02,23,0.2589,истечение срока годности,56.97
2024-09-06,8,5.9769,прочие причины,1075.84
2024-09-06,23,0.8547,ошибка приготовления (брак),188.04
2024-09-07,22,0.6081,истечение срока годности,291.89
2024-09-09,9,2.0485,ошибка приготовления (брак),655.52
2024-09-11,9,3.6807,ошибка приготовления (брак),1177.78
2024-09-11,21,2.256,истечение срока годности,812.19
2024-09-12,23,0.6436,истечение срока годности,141.59
2024-09-14,10,1.1948,истечение срока годности,537.63
2024-09-14,22,0.3667,ошибка приготовления (брак),176.01
2024-09-15,24,0.7835,истечение срока годности,297.71
2024-09-16,8,11.7514,истечение срока годности,2115.27
2024-09-16,21,2.785,ошибка приготовления (брак),1002.61
2024-09-17,23,1.3764,ошибка приготовления (брак),302.82
2024-09-18,9,1.8397,истечение срока годности,588.68
2024-09-20,8,10.784,ошибка приготовления (брак),1941.11
2024-09-20,21,1.3245,истечение срока годности,476.85
2024-09-22,20,1.0946,истечение срока годности,415.99
2024-09-24,10,2.0297,ошибка приготовления (брак),913.32
2024-09-24,13,0.3544,истечение срока годности,170.08
2024-09-25,11,6.4779,истечение срока годности,2461.6
2024-09-25,21,2.1847,истечение срока годности,786.54
2024-09-27,10,1.3545,истечение срока годности,609.53
2024-09-27,12,0.1678,истечение срока годности,87.3
2024-09-27,22,0.654,истечение срока годности,313.91
2024-09-30,5,0.0843,истечение срока годности,219.52
2024-10-04,3,0.0833,ошибка приготовления (брак),291.42
2024-10-05,5,0.0686,истечение срока годности,178.15
2024-10-05,19,0.8328,истечение срока годности,349.83
2024-10-05,22,1.1035,истечение срока годности,529.72
2024-10-07,12,0.6311,истечение срока годности,328.22
2024-10-08,6,0.2169,порча/бой при хранении,975.62
2024-10-09,21,2.2202,истечение срока годности,799.25
2024-10-12,4,0.1866,истечение срока годности,560.02
2024-10-12,22,0.3944,истечение срока годности,189.29
2024-10-12,26,0.1506,истечение срока годности,72.27
2024-10-13,20,0.3842,истечение срока годности,146.02
2024-10-16,19,1.8715,истечение срока годности,785.99
2024-10-16,24,0.5596,истечение срока годности,212.6
2024-10-19,23,1.0017,истечение срока годности,220.38
2024-10-19,25,0.1349,порча/бой при хранении,74.22
2024-10-20,21,1.2415,истечение срока годности,446.97
2024-10-20,25,0.1112,истечение срока годности,61.2
2024-10-21,2,0.5687,истечение срока годности,1592.59
2024-10-22,9,1.5187,истечение срока годности,485.98
2024-10-23,17,0.5692,ошибка приготовления (брак),165.07
2024-10-23,21,2.2019,истечение срока годности,792.72
2024-10-23,22,1.0004,истечение срока годности,480.19
2024-10-25,9,3.4889,истечение срока годности,1116.42
2024-10-26,4,0.2699,истечение срока годности,809.19
2024-10-26,5,0.0501,истечение срока годности,130.39
2024-10-29,6,0.2464,истечение срока годности,1108.46
2024-11-01,8,3.7903,ошибка приготовления (брак),682.24
2024-11-01,24,0.8532,истечение срока годности,324.17
2024-11-05,21,2.8776,истечение срока годности,1035.96
2024-11-09,8,6.8185,порча/бой при хранении,1227.32
2024-11-12,1,0.6178,прочие причины,1977.1
2024-11-12,8,10.1028,истечение срока годности,1818.5
2024-11-12,22,1.8076,ошибка приготовления (брак),867.62
2024-11-14,6,0.0851,истечение срока годности,383.28
2024-11-14,9,0.8954,истечение срока годности,286.56
2024-11-17,25,0.0407,порча/бой при хранении,22.37
2024-11-19,10,2.4287,истечение срока годности,1092.99
2024-11-23,20,0.7054,истечение срока годности,268.11
2024-11-25,14,4.1513,истечение срока годности,913.27
2024-11-27,23,0.5956,порча/бой при хранении,131.02
2024-11-28,9,4.2778,истечение срока годности,1368.87
2024-11-30,10,3.4403,истечение срока годности,1548.17
2024-11-30,21,1.1765,истечение срока годности,423.55
2024-11-30,23,0.7297,ошибка приготовления (брак),160.53
2024-12-02,24,0.2918,истечение срока годности,110.87
2024-12-03,21,1.9892,истечение срока годности,716.09
2024-12-04,20,0.8111,прочие причины,308.25
2024-12-05,12,0.5663,порча/бой при хранении,294.44
2024-12-07,20,0.8526,истечение срока годности,323.96
2024-12-09,22,0.6856,истечение срока годности,329.1
2024-12-14,9,4.6993,истечение срока годности,1503.8
2024-12-18,4,0.1819,порча/бой при хранении,545.88
2024-12-18,10,1.1663,истечение срока годности,524.82
2024-12-19,6,0.2774,истечение срока годности,1247.99
2024-12-19,11,3.409,прочие причины,1295.38
2024-12-20,22,1.2298,истечение срока годности,590.22
2024-12-21,24,0.4512,истечение срока годности,171.49
2024-12-22,12,0.1631,порча/бой при хранении,84.82
2024-12-23,23,1.2945,истечение срока годности,284.76
2024-12-24,10,1.324,истечение срока годности,595.78
2024-12-24,11,1.7008,истечение срока годности,646.36
2024-12-24,22,1.6463,истечение срока годности,790.21
2024-12-28,3,0.2926,порча/бой при хранении,1023.8
2024-12-28,22,0.7094,порча/бой при хранении,340.51
2024-12-29,8,10.1242,истечение срока годности,1822.36
2024-12-29,24,0.3362,истечение срока годности,127.75
2024-12-30,23,1.1609,истечение срока годности,255.4
2024-12-31,19,1.0387,истечение срока годности,436.27
2025-01-01,21,1.7624,истечение срока годности,634.48
2025-01-06,23,0.6812,истечение срока годности,149.86
2025-01-07,20,0.2939,истечение срока годности,111.68
2025-01-07,21,2.2638,истечение срока годности,814.98
2025-01-10,21,1.0797,истечение срока годности,388.74
2025-01-11,24,0.3649,истечение срока годности,138.66
2025-01-14,6,0.2571,истечение срока годности,1156.38
2025-01-14,8,6.0374,истечение срока годности,1086.72
2025-01-14,22,0.5272,истечение срока годности,253.05
2025-01-15,14,7.0563,порча/бой при хранении,1552.35
2025-01-18,9,2.7226,порча/бой при хранении,871.25
2025-01-23,23,1.075,ошибка приготовления (брак),236.51
2025-01-24,2,0.3641,истечение срока годности,1019.36
2025-01-25,9,2.727,истечение срока годности,872.69
2025-01-27,6,0.2639,истечение срока годности,1187.44
2025-01-27,10,1.0617,истечение срока годности,477.71
2025-01-29,6,0.2244,истечение срока годности,1009.57
2025-01-29,11,6.431,истечение срока годности,2443.77
2025-02-01,9,2.3014,истечение срока годности,736.45
2025-02-01,22,1.7168,истечение срока годности,823.99
2025-02-04,21,2.7004,истечение срока годности,972.15
2025-02-07,8,4.7306,истечение срока годности,851.49
2025-02-07,20,1.1306,истечение срока годности,429.61
2025-02-08,21,1.9013,истечение срока годности,684.49
2025-02-11,22,1.883,истечение срока годности,903.85
2025-02-12,2,0.143,истечение срока годности,400.69
2025-02-13,8,2.0344,истечение срока годности,366.19
2025-02-15,20,1.1397,ошибка приготовления (брак),433.13
2025-02-20,20,0.3476,ошибка приготовления (брак),132.06
2025-02-21,20,0.6303,порча/бой при хранении,239.53
2025-02-22,22,0.3578,ошибка приготовления (брак),171.78
2025-02-23,12,0.499,истечение срока годности,259.42
2025-02-25,12,0.2367,истечение срока годности,123.16
2025-02-26,22,0.5348,порча/бой при хранении,256.63
2025-02-27,5,0.2419,истечение срока годности,628.98
2025-03-01,24,0.4259,прочие причины,161.81
2025-03-02,21,2.0109,прочие причины,723.92
2025-03-03,24,0.8545,истечение срока годности,324.72
2025-03-07,12,0.4194,истечение срока годности,218.08
2025-03-08,23,0.7482,истечение срока годности,164.63
2025-03-11,22,1.6369,истечение срока годности,785.73
2025-03-11,23,0.2834,истечение срока годности,62.38
2025-03-12,11,4.6349,ошибка приготовления (брак),1761.29
2025-03-14,22,0.9591,истечение срока годности,460.33
2025-03-15,6,0.1036,истечение срока годности,465.73
2025-03-16,6,0.0921,истечение срока годности,414.03
2025-03-18,9,2.4896,истечение срока годности,796.61
2025-03-19,13,0.6619,истечение срока годности,317.7
2025-03-22,12,0.2847,порча/бой при хранении,148.03
2025-03-23,9,4.8129,истечение срока годности,1540.11
2025-03-25,9,4.6594,истечение срока годности,1490.99
2025-03-25,21,1.5458,истечение срока годности,556.53
2025-03-25,22,0.4061,порча/бой при хранении,194.96
2025-03-26,2,0.4492,ошибка приготовления (брак),1257.95
2025-03-27,24,1.1149,прочие причины,423.71
2025-03-28,5,0.2344,истечение срока годности,609.25
2025-03-28,19,1.8345,ошибка приготовления (брак),770.51
2025-03-29,2,0.5228,истечение срока годности,1463.85
2025-03-29,9,2.1581,порча/бой при хранении,690.62
2025-03-31,2,0.3941,ошибка приготовления (брак),1103.76
2025-04-01,8,2.2158,истечение срока годности,398.81
2025-04-01,9,1.8128,истечение срока годности,580.12
2025-04-07,11,4.5858,порча/бой при хранении,1742.61
2025-04-11,15,0.795,истечение срока годности,222.6
2025-04-13,26,0.0444,истечение срока годности,21.32
2025-04-14,6,0.2485,порча/бой при хранении,1118.56
2025-04-17,8,7.0686,порча/бой при хранении,1272.34
2025-04-20,13,0.3362,ошибка приготовления (брак),161.32
2025-04-21,21,1.3008,истечение срока годности,468.24
2025-04-22,23,0.6339,истечение срока годности,139.5
2025-04-23,6,0.0712,истечение срока годности,321.01
2025-04-23,8,10.2082,истечение срока годности,1837.5
2025-04-24,6,0.286,истечение срока годности,1286.82
2025-04-28,8,10.8855,истечение срока годности,1959.38
2025-04-29,23,0.2957,истечение срока годности,65.06
2025-05-03,1,0.1863,прочие причины,595.91
2025-05-03,17,1.741,истечение срока годности,504.88
2025-05-04,8,10.613,истечение срока годности,1910.34
2025-05-06,12,0.4693,истечение срока годности,243.97
2025-05-11,9,2.5478,прочие причины,815.24
2025-05-11,20,0.8837,истечение срока годности,335.84
2025-05-12,26,0.1187,истечение срока годности,57.05
2025-05-13,23,1.2509,ошибка приготовления (брак),275.18
2025-05-14,22,0.7203,истечение срока годности,345.7
2025-05-15,21,2.3157,ошибка приготовления (брак),833.67
2025-05-17,8,9.0513,истечение срока годности,1629.23
2025-05-18,23,0.9354,истечение срока годности,205.76
2025-05-19,6,0.0645,истечение срока годности,290.19
2025-05-19,12,0.8513,истечение срока годности,442.74
2025-05-23,6,0.2879,истечение срока годности,1295.51
2025-05-26,22,0.6138,истечение срока годности,294.68
2025-05-28,6,0.2307,истечение срока годности,1038.15
2025-05-29,8,10.0044,истечение срока годности,1800.81
2025-05-30,23,0.504,прочие причины,110.89
2025-05-31,6,0.1522,порча/бой при хранении,684.41
2025-06-04,6,0.2231,истечение срока годности,1003.83
2025-06-05,3,0.4586,истечение срока годности,1604.62
2025-06-05,9,3.6961,ошибка приготовления (брак),1182.76
2025-06-06,23,1.1136,порча/бой при хранении,244.99
2025-06-07,8,2.5527,истечение срока годности,459.47
2025-06-07,21,1.8922,истечение срока годности,681.17
2025-06-08,21,2.8017,истечение срока годности,1008.58
2025-06-09,6,0.1258,истечение срока годности,566.45
2025-06-12,12,0.8586,истечение срока годности,446.55
2025-06-12,26,0.1736,истечение срока годности,83.36
2025-06-15,26,0.0673,истечение срока годности,32.31
2025-06-16,12,0.5666,истечение срока годности,294.65
2025-06-17,21,1.6458,истечение срока годности,592.44
2025-06-17,22,1.4613,истечение срока годности,701.35
2025-06-19,10,4.1849,порча/бой при хранении,1883.25
2025-06-22,22,1.7828,истечение срока годности,855.75
2025-06-24,23,1.4208,ошибка приготовления (брак),312.61
2025-06-25,22,1.4568,истечение срока годности,699.24
2025-06-27,23,1.2624,истечение срока годности,277.74
2025-06-28,6,0.1746,истечение срока годности,785.99
2025-06-28,22,1.9357,ошибка приготовления (брак),929.22
2025-06-29,11,7.9499,ошибка приготовления (брак),3020.97
2025-06-30,22,0.7971,истечение срока годности,382.55
2025-07-02,24,0.9435,истечение срока годности,358.57
2025-07-03,8,5.6243,истечение срока годности,1012.39
2025-07-04,9,2.2233,истечение срока годности,711.5
2025-07-04,21,0.7775,истечение срока годности,279.88
2025-07-06,23,0.7827,истечение срока годности,172.17
2025-07-07,20,1.1293,ошибка приготовления (брак),429.11
2025-07-07,23,0.5037,истечение срока годности,110.81
2025-07-08,9,0.8704,ошибка приготовления (брак),278.5
2025-07-09,23,0.623,истечение срока годности,137.02
2025-07-12,23,1.1431,истечение срока годности,251.51
2025-07-14,12,0.8435,истечение срока годности,438.67
2025-07-16,6,0.1386,истечение срока годности,623.58
2025-07-17,10,1.5503,прочие причины,697.64
2025-07-17,11,3.3777,истечение срока годности,1283.53
2025-07-18,13,0.2015,истечение срока годности,96.77
2025-07-20,9,3.694,прочие причины,1182.06
2025-07-20,11,7.8982,истечение срока годности,3001.29
2025-07-20,12,0.3424,истечение срока годности,178.02
2025-07-20,14,5.1767,истечение срока годности,1138.87
2025-07-21,9,0.8333,истечение срока годности,266.65
2025-07-23,22,1.5476,истечение срока годности,742.87
2025-07-26,12,0.5549,истечение срока годности,288.47
2025-07-27,8,7.1197,истечение срока годности,1281.55
2025-07-27,23,0.3014,истечение срока годности,66.29
2025-07-29,2,0.1274,порча/бой при хранении,356.56
2025-07-29,4,0.1929,истечение срока годности,578.97
2025-07-31,10,2.7735,истечение срока годности,1248.04
2025-08-01,24,0.2101,истечение срока годности,79.84
2025-08-08,25,0.1086,истечение срока годности,59.71
2025-08-09,19,0.8717,прочие причины,366.09
2025-08-11,6,0.2842,истечение срока годности,1279.41
2025-08-11,22,0.6115,истечение срока годности,293.56
2025-08-12,10,1.8063,истечение срока годности,812.84
2025-08-15,2,0.6454,ошибка приготовления (брак),1807.02
2025-08-16,3,0.4708,истечение срока годности,1647.79
2025-08-16,10,1.3986,истечение срока годности,629.34
2025-08-16,22,1.2428,истечение срока годности,596.56
2025-08-16,24,0.957,истечение срока годности,363.66
2025-08-18,19,1.9355,истечение срока годности,812.87
2025-08-22,5,0.0457,ошибка приготовления (брак),118.64
2025-08-27,6,0.077,истечение срока годности,346.41
2025-08-28,23,0.967,истечение срока годности,212.73
2025-08-29,20,0.2294,истечение срока годности,87.14
2025-08-30,2,0.516,ошибка приготовления (брак),1444.95
2025-08-30,4,0.2952,истечение срока годности,885.63
2025-09-02,11,3.3829,ошибка приготовления (брак),1285.49
2025-09-05,11,4.621,истечение срока годности,1755.97
2025-09-09,12,0.3187,ошибка приготовления (брак),165.73
2025-09-10,24,0.9247,порча/бой при хранении,351.39
2025-09-13,4,0.1566,истечение срока годности,469.57
2025-09-14,10,3.6679,истечение срока годности,1650.58
2025-09-15,6,0.0973,ошибка приготовления (брак),438.12
2025-09-16,3,0.3129,истечение срока годности,1095.46
2025-09-16,8,5.8978,порча/бой при хранении,1061.61
2025-09-18,8,11.0718,ошибка приготовления (брак),1992.92
2025-09-19,10,1.8144,ошибка приготовления (брак),816.5
2025-09-19,22,1.4769,истечение срока годности,708.87
2025-09-19,23,0.3649,истечение срока годности,80.28
2025-09-20,21,0.5092,истечение срока годности,183.29
2025-09-23,24,0.5676,истечение срока годности,215.73
2025-09-27,15,0.7282,истечение срока годности,203.91
2025-09-28,12,0.7177,истечение срока годности,373.21
2025-10-02,6,0.2866,истечение срока годности,1289.9
2025-10-02,9,3.6862,прочие причины,1179.58
2025-10-04,24,0.9873,ошибка приготовления (брак),375.17
2025-10-07,12,0.2913,истечение срока годности,151.45
2025-10-09,22,1.1267,ошибка приготовления (брак),540.79
2025-10-11,6,0.1858,истечение срока годности,836.04
2025-10-14,5,0.0791,ошибка приготовления (брак),205.71
2025-10-15,8,4.8716,истечение срока годности,876.86
2025-10-16,12,0.2743,истечение срока годности,142.63
2025-10-16,19,1.0447,истечение срока годности,438.77
2025-10-16,22,0.4155,истечение срока годности,199.37
2025-10-18,8,2.2875,истечение срока годности,411.76
2025-10-18,23,1.1549,истечение срока годности,254.07
2025-10-19,3,0.1582,прочие причины,553.16
2025-10-19,8,10.0908,прочие причины,1816.36
2025-10-19,22,1.5897,прочие причины,762.99
2025-10-20,8,10.358,истечение срока годности,1864.46
2025-10-21,24,1.1528,порча/бой при хранении,438.07
2025-10-22,23,0.2803,истечение срока годности,61.67
2025-10-23,20,0.5906,истечение срока годности,224.45
2025-10-23,22,0.7274,истечение срока годности,349.17
2025-10-25,23,0.9954,порча/бой при хранении,218.99
2025-10-26,22,1.5537,ошибка приготовления (брак),745.74
2025-10-30,23,0.2858,ошибка приготовления (брак),62.9
